word,count
업무내용,2
css,8
원임용시험령등,1
객체지향,3
캐시,1
개발언어php,1
실무면,1
pythondjango또는,2
온라인,1
파이프라이닝전처리를,2
툴을,3
nodejs,34
rsas,3
angularjs등,1
native,2
uv,2
능통,2
원하면,1
스키마,3
objectivec,3
이벤트,1
관련된,3
1가지,1
principles,2
서버운영리눅스,2
병렬,1
analysis,9
모집분야,2
학생,6
기획작성,1
통신모바일게임웹프로그래머,2
mariadb,1
확장성,1
지원방법,3
있습니다,4
algorithms,3
이퓨인,1
모집인원,3
front,3
리눅스redhat,1
있거나,1
extraction,1
pythoncctensorflowmxnet등우대사항석박사학위소지,1
모두,1
갖고,2
우대요건,6
python인터넷it통신모바일게임웹프로그래머htmldhtmlmhtml,1
php주,3
힘,1
컨트리뷰팅,2
customer,2
frameworks,4
공학용,2
go,43
국가보훈대상자취업보호대상자,8
분석해본,2
전반적인,3
교류,1
ga,1
업무내용자격요건,5
있으면,2
것,1
거시경제,1
루션,1
하나,29
5년12년,1
markets,1
중심의,2
사항,33
3년이상,1
통계분석sas,2
p2p,1
빅데이터신입,1
차트,1
금융사,1
기술에,7
시간의,2
oopobject,4
boot,1
systems,3
예측지수,2
경제학,1
정형비정형,2
지식에,2
좋겠고,2
보훈대상자,2
책임감,1
를,6
요소,1
서버운영유닉스,2
근무시간,1
접수,1
데이터구조,1
기상청,2
중,66
consumer,3
수행하여,2
고사항,1
패키지,3
관련한,1
개발이,12
supports,2
복리후생,1
도출,2
전처리,4
자격우대,2
사람과의,1
습득에,3
비즈니스,6
local,1
이하면,1
시스템을,2
오픈스택,1
dwdm,1
등으로,2
난독,3
우대조건,19
경력자를,1
플랫,1
클러스터,1
opengl,2
6,4
31,2
experts,1
scripts,5
개선합니다,3
6시,1
과정을,1
백엔,1
통해,3
writing,1
독해능력,2
이상에,1
scheduling,1
구현,24
우대자격,1
performance,2
입사지원,1
머신러닝과,4
에코시스템을,2
참고,41
근무조건,8
other,9
분산환경에서,2
cc와,1
systemdata,1
지능빅데이터인터넷it통신모바일게임빅데이터ai인공지능,2
위성통신송수신체계,1
문제해결의지,2
sets,1
패턴분석,2
깊으신,2
개발경험과,1
항목,2
최소,8
개발언어,11
프로,1
노력하시는,2
리기사,1
실전,1
적용할,1
대한,107
learning,23
join,2
포털,1
이용해,1
기술연구소,2
국가,3
api등,1
논리적이고,6
crossfunctional,2
lmc,2
프트웨어,2
eg,25
데이터의,1
db기초지식이,1
internetbased,1
함께하고,1
generative,2
including,3
script,15
산정,2
postgresql,3
component,2
품질관리,1
utilizing,1
like,4
sysml,2
논문,1
abreast,1
도구uml,2
패턴,1
위성자료처리,1
지갑,1
유관업무,2
php로,2
능숙자,22
석사학위,2
9시,1
전략수립,2
springbootjava,1
무관,7
전자금융서비스,1
포함하여,2
유,1
소프트웨어,5
지식이,2
인터넷it통신모바일게임웹프로그래머,3
모델,10
제어,3
전파,3
운영에,2
mongodb,5
언어simulink,2
인터뷰오프라인,1
응대,1
같은,7
모바일android,2
언어에서,4
인간,1
vhdl,1
법정,2
이해git,1
특성,3
오전,1
도구tensor,1
설정,1
성능,5
태풍,3
전문회사로서,1
some,1
오픈,2
긍정적이고,1
리딩,1
프로그래밍에,2
공무원의,1
2가지,4
nlp,1
responsibilities,1
mq,1
경우,3
효율적이며,1
gis,10
윈도우리눅스,2
받아,3
running,1
네트워크및,1
석사박사,1
환경학,6
솔루션은,1
음성,2
기초지식을,1
사이언스,2
gdb,1
description,4
aurora,1
maxscript,2
scriptingcoding,2
purpose,6
technology,2
4대보험,2
결과를,10
관계법령에,6
적재,2
devian,1
스크립팅,7
수학,6
ruby,49
business,6
개선한,2
대응재발,1
경력연차무관,1
svn,1
linux,29
니즈,1
documentation,2
cocos2dx,1
a,21
이해하고,2
sendbird,2
businesslevel,1
전자,1
실험,4
웹개발,10
nginx,2
2개,6
모의실험,2
연구,20
머신러닝ml인터넷it통신모바일게임응용프로그래머,1
분,200
빅데이타,1
툴,7
mechanism,2
statistics,1
nodejsjavascript,1
필수사항,1
haircloth,2
전형방법,1
current,3
셀프,1
웹서비스를,2
업계,1
운영도구,2
것이,1
partnerships,1
jenkins,2
기계메카트로닉스,1
기타,7
대시보드,5
pm1830,1
모빌리티,1
명,4
개발팀,1
can통신,2
주,2
중요하나,1
자신감이,1
포트폴리오,2
능동적으로,2
visual,5
머신러닝,21
troubleshooting,2
어려움이,1
신입,1
있으신,42
선택,11
환영합니다,1
infrastructure,1
newemotioncokr,2
빅데이터hadoop,1
멸치앱배달패밀리,1
열정,3
이해와,3
전체,3
프레임워크에,1
백화점,1
예정자,1
이름,3
해양순환,2
자신있게,1
sql을,1
전공,16
functional,2
write,1
codescripting,2
처리를,2
언어shell,1
획득,1
대용량의,1
요건,9
산시스템,1
passion,2
경력기술서,1
읽고,1
maven,1
ui,3
3d,3
개발javascript,1
indepth,1
그리고,1
우드,1
education,1
크리쳐,2
통계지식,1
수집가공이,1
엔진에,2
원활하신,1
웹앱인프라,1
말하,1
가능자rsplus,2
재계약,2
로,1
영향,2
석사이상,3
전형단계,1
강도,1
피드백을,3
w개발능력,2
있도록,12
puppet,3
탐색,1
tech,1
gateway,40
중급,15
대학교,7
주소록,1
우수한,1
sw,13
program,2
데이터를,10
알고리,2
것에,2
layout,4
머신러링,1
학위,14
언어포트란c등통계프로그램,2
아트,2
코드,1
공간분석,3
vfx,1
gan,3
sw개발,2
excellent,2
bootbatchcloud,1
사용하여,9
stakeholder와의,1
컴퓨,2
회사의,2
assembly,1
완전한,2
tensorflow,19
producer,3
1필수사항,1
파이썬1명,2
추구하는,3
현실에,1
마이크로서비스,1
우수자,14
빠른,2
노하우를,1
언어사용자,1
linux에서의,1
memcached,1
운영경험이,1
효율화를,2
selinux,1
가능자sqlsasr,1
있게,1
개발능력,2
등에,6
담당,2
니한,1
원활한,6
능숙한,20
dro,2
mybatis,1
지원하고,1
상,1
금융공학,1
api,58
cloudformation,1
진행할,1
adobe,5
environment,1
상품기획,2
정보,4
서버운영관리인터넷it통신모바일게임웹프로그래머,1
7,1
config,1
limited,1
우대,113
one,15
법령,3
유사분야,2
영상정보,1
previous,1
개발을,4
rust,1
모터제어로직,1
tableau,11
작업을,2
프론트,1
vba,6
judgment,2
주도적으로,1
experience,89
보유하신,10
environments,2
sspa,4
모델링이,1
d3,1
이해,37
deep,10
능력자,1
걸친,1
개발하고,5
scala를,2
통신,2
수준의,3
장애,3
skills,23
데이터에,5
유지보수,7
실행,2
초급도,2
인사이트를,2
채용조건,1
시각화,7
an,1
개발역량,1
date,1
내용,3
제출서,2
pythoncjavago,4
소지하신,1
사용한,15
해,1
펼치실,2
환경에서의,4
gcp,2
r,131
숙련된,6
파악,1
tachyon의,2
기후모델자료,1
수립채널별,2
wide,1
안주하지,1
보유해야,2
졸업예정,2
pcb,2
points,1
focus,1
tcpudp,2
모,2
프론트엔드,5
활용할,3
python인터넷it통신모바일게임응용프로그래머ios,2
팀장급,1
serverless,1
기법,8
구직,2
조건,4
없거나,1
문제를,3
dba,2
신,2
opc,2
개발rd사업,2
stack,4
국내,2
새로운것을,1
iot솔루션,3
취약점,8
3년7년,1
visualize,3
유경험,4
동으로부터,3
더욱,3
what,1
기반한,3
절차,3
정규,8
응용,2
공통지원자격,2
체계,2
면제로,2
장애인은,6
분석언어,2
이러닝lms에,1
전문능력,1
parsing,1
리즘,3
기반보호법,1
신호,4
석박사,2
maxscript나,2
java등,3
aiml,3
lua,1
programmming,1
커스터마이즈,2
이력서자기소개서,2
unity3d,1
fluently,1
자연어,5
자새로운,1
주에바,1
공인영어성적,1
공학,11
postgresqlsql,2
기반으로,3
프레임워크를,1
금융권,3
인터넷it통신모바일게임html퍼블리싱ui,1
생체신호,3
networking,1
sdk,4
환경공학관련분야,2
unixlinux,6
언어r,3
정확성,1
경력기간은,1
containerkubernetes,2
application,1
데이타,2
직급,1
석사,7
프로세싱,1
전형절차,22
능숙하게,20
모바일,21
pi,2
사용자,2
토스를,1
백엔드프론트엔드와의,1
필요한,13
설계관리모니터링에,3
version,4
학업을,1
싶습니다,1
kpi,1
선임과장급,1
자동화를,2
mtv,1
제외,1
우대조,1
관련분야로서,2
지구과학,8
install,1
인터넷it통신모바일게임웹프로그래밍,1
고객분석상품분석추천검색,1
creating,2
여기며,1
대상,1
한가지를,2
이용하여,3
strategic,1
frida,1
kafka,6
팀장들이,1
as,2
인터페이스,1
통계패키지,2
컴퓨터사이,1
caffetheano,1
도계,1
플랫폼에,1
webrtc에,1
우선시합니다,1
고속,3
internet,1
job,3
cswift,2
개발자를,1
개념,2
sw프로그래밍,4
백엔드개발,1
이수,3
솔루션인,1
mba,1
역할,2
자료구조,8
이선용,1
전공무관,1
플랫폼을,1
복지,1
분석을,6
면세점,1
숙련된exceltableau,1
control,5
cs,3
testdriven,1
계약기간,2
중요하지,1
찾습니다,1
ai관련,1
격요건,2
php,50
4년,3
and,85
awksed,1
for,5
탐색적,2
것을,2
사고와,2
korean,2
싶은,1
js,44
성별,4
없이,1
opencl,2
개발스크립트,1
aws기반,1
습득,3
범용,2
통계분석과,2
docker,7
신입15년이하,1
다루시는,2
script의,1
12회,1
시스템에서,2
python인터넷it통신,1
중독자,3
team,2
hadoop,25
협업에,1
운영한,4
검색서비스의,1
통계프로그램sas,1
typescript,2
의견,2
각,2
android,41
aws,63
위변조,3
사원대리,1
포함,5
c등,2
행동패턴,1
동작에,1
안개,2
상기,2
앱서버,1
python을,16
참여,5
보유한,3
숨고멤버,2
robotics,1
통계프로그램r,1
데이터베이스,9
기본지식,3
batch,2
뇌신호,2
문서,3
솔루션언어,1
개념을,2
프로그램밍에,2
초급,3
취약점분석평가,1
library,2
아키텍처로,1
검색엔진의,1
상품개발,2
거래결재채굴,1
python인터넷it통신모바일게임전산it기술지원유지보수,1
지역,1
pythonjave,1
인원,7
dirty,2
프로그,1
선도해,2
언어c,4
processing,7
scientific,3
dwcrm,2
terraform,2
업무를,13
포렌식,1
정보검색,3
통한,5
net,7
interface,1
알림을,1
인터넷it통신모바일게임소프트웨어하드웨어소프트웨어,2
앱,6
using,13
게임네트워크서버보안unixlinux계열,1
졸업자,1
모델을,3
지속적인,2
mapreduce,2
소지자,27
통계적,2
개발경험이,1
중에,2
외국어,2
사용이,2
좋아하시는,1
자격사항,2
멀티코어,2
교육,2
38년,1
통계프로그램sspa,2
딥러닝의,1
상관없음,2
급여조건,1
fpa,2
트래픽,5
python인터넷it통신모바일게임빅데이터ai인공지능r인터넷,2
프레임,1
json,1
gcp와,1
aster,2
db,17
c언어,3
국가태풍센터,4
능한,1
rdb,1
출시,1
플레이어,1
1년,12
도출할,2
전산학컴퓨터공학,1
관심있는,2
기능,1
개발java,2
1명,8
position,3
프로세스,3
공공,1
asp,2
ocp,2
정보보안,1
특히,1
어떤,3
예,5
ecommerce,3
해결책을,2
풀,2
상호작용,1
mail,1
이펙트,1
of,43
자율주행,10
applications,3
제시,1
해결할,1
00분오후,1
해석과,1
design,9
알고리즘,16
능숙하신,9
이해도를,2
중2개,2
숙지,1
역량을,3
advantage,1
해결에,1
자세,1
managing,3
communicate,2
마트,1
태봉로,2
지식이나,1
학력사항,2
분야에서,1
효과적으로,1
지역별,2
이상을,5
expected,2
추가,3
빅데이터데이터,1
azure,4
동화,1
스펙aws,1
caffetensorflowtorchpytorch에,2
오픈소스,9
참여경력자,2
네트워크,9
prog,1
일반,1
엔지니어,2
팀,1
관련,103
능력,98
robotic,1
다루는,1
커리어셀파,1
기본적인,16
개발운영,6
연구개발경험,1
eco,1
해당,5
projects,1
0125a,1
동물,1
서류접수,1
실시간,3
embedded,2
cgi,1
백엔드인터넷it통신모바일게임웹프로그래머프론트엔드인터넷it통신모바일게임웹프로그래머,1
백엔드프론트엔드,1
기상기,1
해가,2
vision,4
익숙하고,1
그,1
게임,3
plus,21
상용,1
아키텍처,5
경영학,1
응용소프트웨어공학,1
서드파티,1
understanding,13
서류,8
sspl,2
개발할,1
로봇,1
pmp,4
dlml,1
우대합니다,1
사용할,11
모십니다,1
용한,1
빅데이터분석,4
일이라도,3
로그래머자바스크립트인터넷it통신모바일게임응용프로그래머,1
insight,1
working,6
노드,1
ci,2
기반의,11
비전,2
아이폰,1
machine,15
사내복지,2
languages,27
handling,2
수주해본,1
40대,1
언어중,1
분석시각화,1
소프트웨,1
익숙한,4
급딥니다,2
앱sdk,10
개발사용,2
programing,2
평판시스템,1
필요역량,2
라이언트,1
추출,1
nhn고도의,3
게임내,1
근무부서,6
분석역량sql,1
대학교4년졸업,1
설계개발,1
1개,20
데이타관리,1
알고리즘을,8
재능,1
예정,1
않음,1
forecasting,1
engineering,4
각종,2
python인터넷it통신모바일게임웹프로그래머백엔드인터넷it통신모바일게임웹프로그래머프론트엔드,1
퍼블리싱,1
인공지능,7
23년제,2
명확한,10
있는자,1
adbrix,1
하나를,1
긍정적인,1
1,21
on,7
논문을,1
사용하신,2
형태소,2
열정이,3
와의,1
정적,1
ansible,7
robot,3
코드를,1
하고,1
자동화프로그램,1
도우,1
1년이상의,1
spark를,3
대기과학,17
8,1
4,12
성장을,5
지신,2
계약체결일,2
python으로,5
활용,69
모델링,9
년,5
고객맞춤별,2
devops,7
분산,1
데이터분석설계개발,1
5년이상,6
분석평가보고서,1
mems,1
렌더링에,2
공통,2
engineer,1
가치있게,1
지원자격,45
전반에,2
jupiter,1
않고,3
찾고,1
분석과,3
related,3
애니메이션,2
력서,1
고층관측,2
opencv,3
ffmpeg,2
it솔루션,2
24년차,1
네트워크를,1
윈도우,1
대외,1
평가에,2
github,1
본청,2
평가,3
지리학,1
frontend,2
사용가능자c,2
체계적인,6
zeplin,5
별로,1
청제한시스템,1
2회,1
번역,2
upfcpf,1
office,1
도출을,1
email,1
결격사유가,1
문화를,2
가능자sas,2
래머java인터넷it통신모바일게임웹프로그래머백엔드인터넷it통신모바일게임웹프로그래머,1
retail,1
marketing,1
등을,30
sqs,3
구축을,1
factorization,1
필한,1
점검,5
쳇봇,1
dl4,1
오케스트레이션,2
솔루션,15
졸업예정자,2
최적화에,1
slam,1
socket,1
영상,3
자,63
학과,6
대고객,1
분석자,1
앱개발,3
linux명령어,1
참여경,3
financial,2
프로그래밍을,1
sagemaker,2
python인터넷it통신모바일게임웹프로그래머servlet인터넷it통신모바일게임응용프로그래머,1
맥,1
서류전형기술test,2
언어ruby,4
pipeline,5
rdbms,5
월금,1
대학,1
시스템컨테이너와,2
텍스쳐,2
mysql,60
knowledge,15
programmingmatlab,2
pythonreactjstypescript,1
filtering,1
웹서비스,4
경력사항,1
적용합니다,1
v,2
분석모델링을,1
같습니다,1
설계요건,1
고용촉진지원금,2
제출서류에,1
2차면접,1
마케팅,7
작성,8
자연어처리,5
level,4
learn,1
이용하는,1
시스템,34
orange,2
결격,6
known,2
1개에,1
적극적,1
전문가,1
플러그인,1
숙련자,6
up,2
백그라운드는,1
숙련되게,1
12년,2
간결하고,10
power,3
content,3
타,2
원하나,4
원할한,1
matlab,34
언리얼,2
java중,2
따른,2
종류의,3
behavioral,1
bloomberg,1
풍부하신,1
dw,1
딥러닝,14
분석에,5
1개월,2
진행,4
mysql과,2
함,2
so,2
정지당하지,6
스택,5
태블로,2
위협,1
기본기,1
서비스용,1
java등을,2
빅데이,2
적,1
,1877
analytical,1
서버를,2
경험facebook,10
2차,3
years,11
이해를,5
모시고,1
spark,28
normalizing,2
computer,11
network,4
would,1
통계분석에,1
sasr,2
인터넷it통신모바일게임응용프로그래머java인터넷it통신모바일게임응용프로그래머plsql인터넷it통신모바일게임응용프로그래머,1
애플리케이션,3
qa,1
1차면접,1
결과의,1
c우대,1
이내,3
컴퓨터,13
오피스,1
endpoint,1
mldl,2
편의점,1
도구,4
proficient,5
project,3
워드프로세서,1
배포는,1
인터넷it통신모바일게임응용프로그래머,1
략방향구성,1
nodejs등,2
등를,5
양재rcd혁신허브,2
mandatory,1
probabilistic,2
회사소개,5
영어를,1
mllibtensorflowpytorch,1
여러,1
남자,1
sas,25
pmpl,1
gitlab,5
취소될,1
windows,4
하둡,4
보유,15
언어에,45
manipulation,2
개선생산성,1
분석툴,2
부분,1
검증을,4
mfc,3
framework,7
ftp,1
마이닝용,1
언어,69
equivalent,4
풍부한,2
내는,1
분산처리,1
프레임웍,1
기반,34
개발자,8
following,3
알에스팀,3
차량전장관련,1
oauth,3
2년,25
거부감이,5
amplix,1
기술영업신입경력,2
스크립트c,1
실력,1
뛰어난,1
pytorch,5
직무내용,9
security,2
마이닝머신러닝딥러닝,1
머신러닝딥러닝,1
문제,10
collaboration,7
구현할,2
환경에서,4
http,2
담당직무,1
연동,14
56년,1
representation,2
독창적인,1
연동을,1
전반의,2
macro,1
info,1
식기술보유자embededsw개발능통자sw개발언어능숙자matlab,1
개발,306
유경험자,56
fluency,4
검색엔진,1
웹프로그래머백엔드인터넷it통신모바일게임웹프로그래머,1
고급,2
인터넷it통신모바일게임웹프로그래머프론트엔드인터넷it통신모바일게임웹프로그래머,4
자fortran,3
제출서류국문이력서,1
lambda,42
리디,3
데이터베이스에,1
업무성과에,2
능항목에,1
유통사,1
데이터분석모델링을,2
등의,52
아티스트,2
많은,2
비동기,2
maya,5
및,273
excel,8
ethercat,1
etc,30
전남,1
problemsolving,1
python인터넷it통신모바일게임응용프로그래머java,1
1차,7
갖추신,5
git,7
퍼블릭,1
python에,3
호의,1
리드경험,1
고도화,1
ceph에,1
keras,6
프로그래밍언어로,2
분배,1
채널기획,1
월요일,2
표준에,1
람다,1
능통자,5
아는,3
프로그래머php,3
technologies,1
pig,1
개발경험자,2
년이상,3
specifications,1
병렬처리,2
박사,2
장르,2
warehouse,1
가시화,1
communication,2
cloud,45
djangoflask,4
분석도구에,2
if,5
수행하시는,1
base,2
및shell스크립트,1
팀원,1
python이,1
사용가능하신,1
12,4
bachelors,2
전문지식과,2
1개발,1
통신모바일게임웹프로그래머java인터넷it통신모바일게임웹프로그래머net인터넷it통신모바일게임웹프로그래머,1
mxnet,1
립트,1
제작,11
네트워크와,2
개발업무,1
rstudio,1
웰에이징,1
perl,39
대졸자,1
workflow,1
운영해보신분,1
essential,1
2,37
좋겠으며,2
750점,2
유의,3
당사는,1
모집합니다,1
프로트엔드부터,1
리깅,2
국내외,4
management,6
backend,7
자동화프로,1
capabilities,2
선발예정,1
커뮤니케이션이,1
유능한,1
work,8
정보통신망법,1
production에,1
고민,1
이,1
빅데이터,19
background,2
배포,4
computing,2
전산관련,1
직무,5
소유자,1
전환,1
전지구,1
과목,1
서버운영,1
auth0,1
801802호,2
서버에,2
flow,3
sw앱웹,1
감각,1
pythonjavashellperlrubyphp,1
기계학습,3
analytics,6
game,6
법령에,2
주소정근로시,1
이용,1
microsoft,2
이상선임과장급,1
적용에,2
자신의,2
사용하실,1
데이터,120
응시자격을,6
mobile,2
이슈,1
옵션,1
데이터사이언스,1
computational,3
종류,1
educate,2
platform,3
about,1
분은,1
capability,1
큐,2
ta,2
주시기,1
실무경력,3
메인입니다,1
유관경력,2
이상이신,1
근무할,2
variety,1
epidemiology,2
라이브러리를,1
사이언스를,1
자동화,13
앱수트는,3
무리,1
에,9
ansys,3
am930,1
학사학위,4
independently,1
파이프라인에,1
러닝통계,1
reactjs,4
적재적소에,1
능력을java,1
가능자필수,1
바랍니다,1
기술스택,1
중심,1
matlabsimulink,4
mac,1
리드,1
운영체제를,1
time,2
guide,1
자동차,4
해외여행에,2
pm,1
마,1
모션,1
html,6
university,1
직무요구능력,3
자료를,1
가,2
하둡에코시스템예시,1
ethereum,1
가능한,29
분야,23
활용가능,2
분야로서,4
무기계약근로자,1
ex,2
package,3
학위소지자로서,2
30대,1
comsol,1
설정부터,1
toeic,1
oriented,2
new,2
경험이,54
튜닝,2
초기,1
지원,22
변화에,2
초음파센서,1
structured,1
데이터베이스와,1
개발자와의,1
science,14
makefile,2
역할에,2
sqlserver,2
인터넷it통신모바일게임erp시스템분석설계빅데이터인터넷it통신모바일게임웹프로그래머,2
pythoncctensorflow,1
최종합격,4
lab,4
제안,2
조정,1
경력3년,1
django,56
spring,9
수행경험,3
개선,6
매핑,2
합니다,1
자격증adsp,1
지식,26
호기심을,2
algorithm,4
파트와,2
볼,2
ms,2
데이터플랫폼,1
긍정,1
쉽게,10
party,2
홍성,2
소프트웨어encase,1
가지고,1
나,1
shellscript,1
해결을,3
eventdriven,1
실시간배치,2
웹앱,3
exp,1
interpersonal,1
전달하는,2
organization,2
지향,2
중9월예정,2
상응하는,4
it,4
국가연구,4
vb,3
개발자경험자,1
국가유공자,2
max등의,1
대졸이상,3
컴퓨터공학,5
분도,1
검증,2
기타조건,1
중요하게,3
임용시험령등,1
2016,2
하나에,1
쓰고,1
보유자,37
정보검색에,1
모집부문,8
험수행,1
학사,12
등과,3
아키텍처에,2
oswindows,2
our,1
동기화,1
새로운,12
proficiency,6
도구3rd,2
표현에,1
주는,1
생태계,1
제주,4
telnet,1
협업,4
통계분석i,1
jupyter,1
연관성,1
presto,2
근무기간,2
소통능력,1
면접,4
english,5
search,1
근무형태,1
springboot,1
수행,18
아키텍쳐,1
architecture,5
운영을,2
팀단위로,1
theano,1
문제인식과,2
axiom,1
운영,49
uses,2
레벨,3
10층,2
4년제,11
협의,3
jquery,2
painting,2
숙한,1
관련분야,11
building,3
modern,4
라이브러리,6
센서,2
의사전달,10
자기개발에,1
조율,2
speak,2
category,1
능력과,5
debugging,3
아트웍,2
industries,1
분sql,1
학위금융,1
해양연구f,1
도입,2
구성하는,3
familiar,1
하나의,8
이수자,2
인간대상연구,1
messenger,1
테크니컬,3
가공,1
서버개발,1
powershell,8
tcl,3
intent,1
hadoop클러스터,1
e,2
사이드,2
지식을,4
국가공무원법,1
bigquery,1
workflows,2
tool를,2
msa에,2
박사학위,2
python인터넷it통신모바일게임응용프로그래머cc인터넷it통신모바일게임응용프로그래머java,1
최적화이론,1
코딩을,1
integration,1
추출이,1
대규모,2
수행할,8
ok,1
data,42
c,156
microprocessor,2
트래킹,2
developing,1
world,1
elasticsearch,1
지니신,1
nlp관련,1
이상의,63
pythonmatlab,8
vuejs,3
적인,1
구현해본,1
with,40
프로그램밍,2
검색,1
핵심,1
html5,3
머신러닝tensorflow,1
ability,4
that,2
환경,14
10년,4
3,18
most,1
rest,5
qt,1
java기반의,1
초대졸,1
skill,7
없는,11
froentend,2
사용경험,3
견고한,1
architectural,2
될,1
라벨링,1
linuxnetwork에,1
담당업무,16
응용프로그래밍,2
가능합니다,1
open,2
모바일게임웹프로그래머,1
ios개발,2
maintaining,1
sql의,1
학력,4
javac,1
best,1
matrix,1
국문이력서,4
개발합니다,3
소셜,2
제시할,2
문의처,1
추출을,1
출장근무에,4
잘,2
채용이,1
mongo,1
알고리듬,2
기술개발,4
엑셀,3
오너십,2
있을,1
머신러,2
예측,2
실무,26
천원,2
cadspice,1
가공추출,2
o2o나,1
text,2
기업용,4
채용분야,3
해당업무,1
cudagpgpu,1
intellij,1
sene,1
헤드헌터,1
고용형태,1
solutions,1
기계,1
학습또는,1
사고,7
활용해보신,1
배우는,1
green,1
어플리케이션,5
가능자를,1
claims,2
해당직무,1
자격,6
운영이나,1
허위사실이,1
취업보호,2
written,5
빅,2
flowpytorch,1
이해할,11
데이터분석ai개발,3
분석관련,2
contribution,1
linux를,1
도구scikitlearnspark,1
분석역량,2
주요,6
python인터넷it통신모바일게임빅데이터ai인공지능머신러닝인터넷it통신모바일게임빅데이터,1
academic,2
laravelphp7,1
이력서,2
하는,3
측정,2
브런치,1
language로,1
경력,96
방법론,1
pattern,1
logic에,2
을,11
natural,1
competency,1
자유자재로,1
기술을,3
또는,70
야근을,2
구축운영,1
보수,1
사용하는,1
heor,2
컴퓨터공학과,1
전과정에,2
지원마감,1
근무지,4
분ex,2
전산학,2
spss,12
perl로,1
ai,8
handson,4
카카오tv,1
자유롭게,3
python인터넷it통신모바일게임응용프로그래머자바스크립트인터넷it통신모바일게임응용프로그래머cc인터넷it통신모바일게임응용프로그래머,1
호우,2
전공자,7
수학적,1
app,1
gstreamer,2
백엔드,22
다음,7
0명,4
식별,1
진행한,2
자남자는,1
pythondjango,4
objectoriented,1
python인터넷it통신모바일게임웹프로그래머java인터넷it통신모바일게임응용프로그래머,1
scripting,29
setting,2
programming,57
awsgcp,1
수,57
재미를,1
basic,3
unix,2
smtp,1
x86,1
정도의,2
it인프라에,4
형태,1
minitab,2
cc를,2
외국어영어,2
중심으로,1
이하,4
투자자산운용사,2
환경spark,1
스스로,3
로그래머백엔드인터넷it통신모바일게임웹프로그래머프론트엔드인터넷it통신모바일게임웹프로그래머,1
desirable,1
pythonscala,5
pythontensorflow,3
strategy,2
vue,1
along,1
at,2
개발flask,1
커머스,2
로그,3
bonus,1
good,9
관심이,2
요구,1
취득자,2
협조,2
scm,1
platform과,2
모니터링,1
market,1
cms도,1
기업의,3
linuxmac,1
development,14
분야에,5
pythonvbcccjavajavascript,3
임원면접,4
서류전형,12
위한,29
글로벌,2
미디어다음,1
환경을,1
web서버,2
의하여,6
작품,1
bash,21
자동,3
이런,2
가능,35
광고,2
모티베이션,1
헤어클로스,2
requirement,1
수퍼,1
eager,1
연금보험,1
바탕,1
의지는,1
현상에,2
live,4
유연한,3
verbal,3
hands,2
시큐어코딩,1
be,1
제33조,1
마이닝,7
software,19
amplitudemixpanel,2
least,4
빌드,1
coding,1
구축에,1
이스,2
netty도,1
scikitlearn,4
활용기술,1
c를,3
view,4
않은,6
줄,4
사용r,8
tdd,2
다룰,6
ros,2
competencies,1
추론과,1
시스템에,4
기상학,7
pythontensorflowcaffe,2
vcsgit,1
c인터넷it통신모바일게임응용프로그래머,1
리에,2
css모델링,1
넘치는,1
이외,3
외부,3
로그래머java인터넷it통신모바일게임응용프로그래머,4
응용통계학,1
도구에,1
linux환경,1
implementation,1
환경분석,1
00분,1
pythonr,2
통계학,6
습득하는데,1
modeling,2
ml,6
planning,2
공고일,1
python인터넷it통신모바일게임빅데이터ai인공지능빅데이터인터넷it통신모바일게임빅데이터ai,4
scriptbased,2
language,34
기초설계,1
로세스,2
도입하고,2
preferred,15
연구원2,2
o명,1
client,1
현장경험,1
개발에,1
웹,15
plum,1
processes,4
대상자,2
dbms,3
갖춘,4
조치,1
도구들을,1
한가지,6
전산,14
가공분석,1
logic,2
db처리,1
erp,5
유지하면서,1
컨설팅,3
연구개발,3
통신모바일게임응용프로그래머,2
없음,2
리버싱,1
개발경험,8
chef,4
정제,3
기술,32
제공됩니다,2
영상처리,1
제안서,1
facebook,2
기반에서,2
개,4
전문,2
이해하며,1
who,1
useful,1
분필수,1
awsamazon,1
웹기반,1
대졸,8
자격조건,4
jda,2
8년,1
졸업자는,2
qualifications,14
인프라,8
cc,60
레이다,2
hbase,4
워라벨,2
has,5
online,2
활동,3
웹어플리케이션,2
ida,1
뇌파,2
services,7
원격탐사자료,2
객체,2
전형절차서류전형실무면접최종면접,1
인지,2
policy,2
20193112020310,2
분석팀,1
피처,1
or,66
산업공학,4
필수,30
also,1
기상기사,5
해당되는,1
gpgpu,1
프로토타이핑에,2
쉘,2
demonstrated,4
pythonccgonodejsphp,2
part,2
명시해,1
금융,7
제품입니다,3
high,4
프로토타이핑,3
만들고,1
contentbased,1
jsp,2
python등,2
tool개발,2
토익,2
ie,3
퍼블리셔,2
직접,3
cfacaiacpa,1
능숙,4
모집,2
fluent,2
초구,2
중반,2
중식,2
experienced,1
채팅,1
applied,1
엔진,1
개선에,1
any,8
얽매이지,2
장비설비,3
과정,2
제품군에는,3
시,4
ns3,1
석가를,1
기본에,1
고려한,2
창의적,2
rsasspssmatlab,1
경험restful,1
scm물류,1
이상,155
material과,2
원만한,1
6개월,1
만들기,1
개인정보보호법,1
리얼타임,2
웨어,1
어학영어,2
통신모바일게임빅데이터ai인공지능r인터넷it통신모바일게임빅데이터ai인공지능,4
인하우스,2
백엔드까지,1
사용기술,1
고객채널상품,1
etl,6
이해도가,13
cicd,2
이브러리를,1
python인터넷it통신모바일게임웹프로그래머aspnet인터넷it통신모바일게임웹프로그래머,1
navertv,2
technical,3
fur,2
windows와,1
전문지식,2
adas관련,6
스킬,9
프로그램matlab,2
하나도,4
능력이,7
직급직책,4
통계분석,5
모의해킹,1
methods,3
operating,5
경험,209
테스트,10
python인터넷it통신모바일게임,4
계열의,1
경험을,4
strong,16
네트워크장비,1
통계분석분야,2
인증,1
상품,1
앱수트,3
hours,2
familiarity,7
년제,1
산업,2
고민하고,1
중국어,1
bi,2
in,59
하드포크,2
쿼리,1
전형절차서류전형실무,1
이해도,15
업무경력,2
러닝,3
lwjgljogl,2
역할로,2
예측시스템,1
입니다,1
조사를,1
임직원들의,2
규모,1
후,2
범위,1
google,44
풀스택,1
맞게,4
프로그램,42
위해,6
role,4
employee,1
mr,3
decision,1
test,5
azureaws,1
기술요구사항,5
활용하여,5
추진력,2
amazon,3
기능에,1
병역,1
분야별,2
그래픽,10
앱웹,1
탐구적인,1
준하는,5
golang,14
능숙히,8
자기주도적으로,2
coordination,1
photoshop,2
형태의,1
숙달,1
해보신,3
숙달자,1
업무의,2
프라인,1
델,2
pl,1
정해진,1
학력무관,1
관련자연어처리텍스트마이닝머신러닝딥러닝,1
e커머스,1
리눅스,13
statistical,4
구축의,1
생체,2
물류자동화장비,1
유경,1
fluorescence,2
운용,2
0,1
nosql,6
표준,1
있고,1
출서류,1
vae,2
파이프라인을,1
지원요건,2
models,2
어느,1
대책,1
태도,1
퓨전,2
다뤄본,2
장치,1
언어를,38
fortran,20
통신프로토콜,1
만한,1
python인터넷it통신모바일게임응용프로그래머머신러닝ml,2
활용한,25
프로젝트를,3
운영유닉스,2
verilog,1
서버,34
고객,5
optimization,3
rdbms에,4
degreedirectly,1
표준화,1
와,1
보,1
분야의,1
advantageous,2
분석의,4
이해가,5
연봉,1
usage,1
android의,1
expert,3
하신분,1
소유하신,3
자바,1
sql문,1
구사,5
알고리즘과,2
있으며,1
시나리오,1
관심,1
결격사유,2
서울,3
사항에,1
에게,2
web,50
end,1
사내,2
그래머cc인터넷it통신모바일게임응용프로그래머,1
csharp,2
redis,3
service,1
연구팀과,1
수학통계학,1
s3,2
콘텐츠,3
mysqlpostgressqlmssqloracle,1
방지,4
미만,4
레벨의,1
영어한국어,1
서비스를,2
읽는,1
kerastheanotensorflow,2
stttatts,1
준수하며,2
적극적인,2
slack,5
fabric,1
아래의,1
numpy,2
crawling,3
인프라를,1
응용을,1
relevant,1
space,2
3년,28
높은,11
필수요건,2
기본,15
display,3
인공지능모델을,1
포트란,4
deployment,1
터분석인터넷it통신모바일게임빅데이터ai인공지능,1
프로그래,1
딥,1
delphi중,4
카산드라등,2
서비,2
포함한,1
수료자,1
주요업무,2
please,2
5,8
confirmed,1
관련경력,3
이하이므로,1
to,7
00명,2
위,4
환경의,1
preparation,1
트러블,2
max,1
역삼,1
논리적,3
rnn,1
다수,1
분석방법론,1
딥러닝에,1
문제해결,4
구조dbms,1
따라,2
파이프라인,6
인터넷it통신모바일게임웹프로그래머백엔드인터,1
지속적으로,1
yaml,1
oracle,4
is,17
계열,1
rails,1
pythoncc,2
서비스에,3
전산통계학,1
활용능력cc,1
엔지니어대리차장급,1
고급통계,2
field,1
강한,2
데이터마이닝,1
기업,1
hire,1
kubernetes,5
mel,5
요청에,2
수립,3
apm,6
하기,1
c기반,1
관경력,2
처리에,2
언어가,2
goaka,1
python인터넷it통신모바일게임웹프로그래머jsp인터넷it통신모바일게임응용프로그래머objectivec,2
구축,36
프로그래밍,109
either,1
프로그램작성,1
ncl,8
학위를,1
디바이스,1
python이나,1
스크립트,26
type,3
자료처리,9
sqoop,1
사용하고,1
서비스의,1
teams,2
아래,3
9년,2
협업하는,1
rf,2
웹프론트개,1
flask,1
wordpress,1
배우고,2
넥슨,2
ssh,1
엔지니어링,5
한,14
learning알고리즘에,2
audiospeech,2
물리학,6
유지,3
컨테이너,5
크롤러,2
rdboracle,1
무엇이든,1
설계기술,1
solution,1
느끼는,1
automation,5
능력java,1
국가기상슈퍼컴센터,1
api시스템,1
javaweb,2
그에,7
기술영업,4
봇넷,1
워크,2
기준,1
재구성하거나,2
push,1
가능자matlab,2
채용,8
많으신,2
코딩,3
구조,3
압전소자,1
경력자,20
openstack,1
급여수준,2
백앤드,2
kotlin,50
실제,4
modelingforecasting,1
technique,1
언어택1로,2
avr,2
gives,1
래픽,1
이론,3
스타트업,1
주로,6
해결,8
required,5
notion,2
스캐닝,1
가능하신,17
혹은,37
mssql,2
경력에,1
vendors,1
core,1
주식회사,1
영문,2
문서를,3
salt,1
작성이,1
esgf,1
ios,43
cnn,1
설계적용운영,1
익숙하면,2
머신러닝을,3
image,3
해양대기,1
접수방법,1
linuxshell,1
임베디드,1
sql,83
실무면접테크면,2
관리,20
설팅,2
전략,2
자료구조에,1
ui개발,1
자산과의,1
작업,2
2년이상,5
다양한,22
만,2
멀티쓰레드,1
leader,1
관사,1
꼼꼼하고,1
러닝데이터,1
more,8
pythonscalar,1
sw개발능력,7
실무면접,3
가상화폐,1
두,3
활용해본,1
익숙하신,1
확장성을,2
깊은,3
정의하고,2
techniques,2
structure,3
우대사항,87
전산관련학과,2
근무,4
정보시스템,1
높으신,1
gpu,2
you,4
개발프로젝트,1
클라우드,14
이상자,3
zeppelin,4
분산형,1
블록체인,10
연동에,2
리더십,2
ftk,1
집행,2
긴밀한,2
5년,26
기획,5
서류면접,1
flume,1
python인터넷it통신모바일게임웹프로그래머php,2
getting,2
blockchain,2
능동적이고,3
보안,13
가지신,1
javascript,48
그래,1
침투,1
머신,4
활용가능자,2
경험보유,2
사이언,2
eclipse,1
2년이상의,1
개발해,1
ae,2
수집,2
출장,1
알며,1
프레임웍을,2
있는,75
자격증,14
지식개발,1
기초,5
queries,1
mongodb를,1
나가고,2
node,8
경제,2
단,2
수준,1
사용하시는,6
경력제한,2
프레임워크,12
실행조직과,2
수치,2
browser,1
내부,1
역량,26
lighting,2
database,6
grads,1
degree,2
아닌,1
응용프로그램,1
앱스토어,1
사용,63
졸업,6
운영업무,2
대학원,1
가상화,1
cjava,3
admob,10
oop,1
분을,1
프로젝트,33
우수자spss,2
쉘ksh,4
경험자,83
말하기에,1
분석모델까지,2
sklearn,1
후디니,1
자유로운,1
가이드,3
event,2
databases,1
자격요건,61
운영이,1
능력을,8
signal,2
iam,2
충족하는,1
pythonjavashellperl,1
인근지하철,4
선호,5
learningml,1
페이지,1
뛰어나신,1
적응,1
스토리지,5
사용해본,3
want,2
관련규정에,1
분석,106
결정,1
tools,17
소유,1
msword양식,1
이를,1
개선관련,1
신입직원을,1
nfs,1
배우는것에,1
관련학과,6
api에,2
big,3
해석,1
회사,1
navigation,1
elastic,1
python인터넷it통신모바일게임응용프로그래머cc인터넷it통신모바일게임응용프로그래머자바,1
전형,2
o,1
마포대로,2
1년이상,2
의거하여,2
강화학습에,3
관련분야산업공학,1
tool,12
위메프패션,1
슈팅,2
교육이수자,2
androidios,3
읽으실,1
전반적으로,1
여기,2
java,235
가능자,72
tool을,2
git을,1
비즈니스에,1
pythonc,1
외,2
swift,48
모델링에,3
언어로,9
개발작업이,1
recruit,1
역할이,1
기획전략일반기획경영인사총무사무경영기획전략전략기획인터넷it통신모바일게임웹프로그래머,1
사유가,6
수행하는,2
solid,1
툴개발,1
면접전형,1
연계,2
관련업계,1
설계,42
shell,37
컴퓨터공학통계학수학산업공학,2
무언가실력열정,1
백엔드인터넷it통신모바일게임웹프로그래머,1
방안,1
제출서류,3
가능자c,2
보신,2
kits,2
visualization,2
유사,1
멸치북미,1
분석하고,1
bi와,1
memsbiomems,1
digital,2
임계값,2
가지,14
interest,1
모바일게임빅데이터ai인공지능인공지능ai인터넷it통신모바일게임빅데이터ai인공지능,1
신규,5
분류시스템,1
소비자금융,1
요건을,1
preferably,2
general,5
idl,3
필수자격요건,1
통합,1
selecting,2
사무를,1
druid,1
유명,1
consulting,2
stm,2
python인터넷it통신모바일게임응용프로그래머클라우드인터넷it통신,1
소스,1
rpc,1
있다는,1
tps,1
지장이,1
분석모델,2
css운영,1
가진,1
awsazure,1
minimum,3
theory,2
유닉스,2
구축한다,1
금지하여,2
system,4
relational,1
시스템과,1
로그래머jsp인터넷it통신모바일게임웹프로그래머java인터넷it통신모바일게임웹프로그래머,1
분석이신,1
웹프로그래밍,2
python,770
영어,15
커뮤니케이션,17
익숙하며,2
운영도구등의,1
지원서,1
업무,36
통계,34
대해,8
c인터넷it통신모바일게임응용프로그래머java인터넷it통신모바일게임응용프로그래머linux인터넷it통신모바일게임응용프로그래머,2
eos,1
험자,5
scala,55
해외,7
활용하는,1
처리,25
사원,1
업무에,2
through,2
등,249
서비스,50
적용,15
신입경력,3
당사,1
물류scm,1
objective,7
알고리즘에,3
equivalents,1
pmpmo,2
할,3
대용량,17
프로그램sas,2
restful,10
예보,2
엔드,1
readwrite,1
루트킷,1
플랫폼,13
os,7
데이터분석,9
hair,2
좋아요,1
금융데이터,1
최적화,4
configuration,6
수집정제랭킹개발업무,1
이용한,29
object,2
approaches,2
파워포인트,1
연구직,1
관련하여,2
프로그래밍라이브러리,1
html에,1
keeps,1
환경에,4
onsite,1
대해서,1
postgres,1
박사학위자,2
pythonjavascala,1
5일,1
industry,1
dbmsmysql,1
mes,1
설계구축,1
병역필,2
시간을,2
hive,11
innovate,1
pic,2
하신,3
source,2
react,43
크로스,1
mathematics,1
발업무,1
cim,1
발생,1
분석sqlrtableuasas,1
정규직,8
채용형태근무시간,2
